<?xml version="1.0" encoding="UTF-8" standalone="yes"?>
<addon id="repository.myrepo" name="My Repository" version="1.0.0" provider-name="YourName">
    <extension point="xbmc.addon.repository" name="My Repository">
        <dir>
            <info compressed="false">https://gizmo0075.github.io/kodi/addons.xml</info>
            <checksum>https://gizmo0075.github.io/kodi/addons.xml.md5</checksum>
            <datadir zip="true">https://gizmo0075.github.io/kodi/zips/</datadir>
        </dir>
    </extension>
    <extension point="xbmc.addon.metadata">
        <summary>My Custom Kodi Repository</summary>
        <description>Repository containing my custom Kodi addons and builds</description>
        <platform>all</platform>
        <assets>
            <icon>icon.png</icon>
            <fanart>fanart.jpg</fanart>
        </assets>
    </extension>
</addon>