﻿<?xml version="1.0" encoding="UTF-8" standalone="yes"?>
<addon id="plugin.mybuild" name="My Build" version="1.0.0" provider-name="YourName">
    <requires>
        <import addon="xbmc.python" version="3.0.0"/>
    </requires>
    <extension point="xbmc.python.pluginsource" library="default.py">
        <provides>video</provides>
    </extension>
    <extension point="xbmc.addon.metadata">
        <summary>My Custom Video Plugin</summary>
        <description>A sample video plugin for Kodi</description>
        <platform>all</platform>
        <source>https://github.com/yourusername/your-repo-name</source>
        <assets>
            <icon>icon.png</icon>
            <fanart>fanart.jpg</fanart>
        </assets>
    </extension>
</addon>
